policy_id,policy_label,S,L,C,Cbar_zj,Ebar_zj,total_cost_yuan,total_effect_units,share_observed,E_per_10k_yuan,is_pareto_front
1-1-1,低补贴–短假期–基础托育,1,1,1,0.0,0.0,0.0,0.0,0.75,,True
1-1-2,低补贴–短假期–增强托育,1,1,2,6146.874999999998,0.10190502915236678,2520218749.9999995,41781.06195247037,0.75,0.16578347396419613,True
1-2-1,低补贴–中假期–基础托育,1,2,1,14115.994260416666,0.3575891059580797,5787557646.770831,146611.53344281274,0.75,0.2533219406023792,True
1-3-1,低补贴–长假期–基础托育,1,3,1,22046.32811458333,0.4200796152325476,9038994526.979164,172232.64224534453,0.6666666666666666,0.19054402758102423,True
3-1-2,高补贴–短假期–增强托育,3,1,2,27746.87499999999,0.4883422440506473,11376218749.999998,200220.32006076534,0.8333333333333334,0.1759990067532461,True
3-2-1,高补贴–中假期–基础托育,3,2,1,35715.99426041666,0.6390977962862652,14643557646.770828,262030.0964773686,0.8333333333333334,0.17893882265362687,True
3-3-1,高补贴–长假期–基础托育,3,3,1,43646.32811458332,0.8375801760090991,17894994526.979164,343407.8721637306,0.8333333333333334,0.19190163575965116,True
3-3-2,高补贴–长假期–增强托育,3,3,2,49793.20311458332,0.8620911046116242,20415213276.979156,353457.3528907658,0.8333333333333334,0.17313429357573043,True
